geo_id,question_id,cluster_id,query
aaa_alternative_geo_82,aaa_alternative_81,aaa_alternative,AAA alternative roadside assistance Minneapolis
aaa_alternative_geo_76,aaa_alternative_75,aaa_alternative,alternative to AAA roadside assistance Minneapolis
aaa_alternative_geo_77,aaa_alternative_76,aaa_alternative,roadside assistance alternatives to AAA in Minneapolis
aaa_alternative_geo_85,aaa_alternative_84,aaa_alternative,best roadside assistance services besides AAA Minneapolis
aaa_alternative_geo_83,aaa_alternative_82,aaa_alternative,AAA alternative for tow and roadside help Minneapolis
aaa_alternative_geo_86,aaa_alternative_85,aaa_alternative,cheap roadside assistance options other than AAA Minneapolis
aaa_alternative_geo_78,aaa_alternative_77,aaa_alternative,local tow and roadside assistance not AAA Minneapolis
aaa_alternative_geo_79,aaa_alternative_78,aaa_alternative,companies like AAA for roadside assistance in Minneapolis
aaa_alternative_geo_80,aaa_alternative_79,aaa_alternative,who offers roadside assistance besides AAA near Minneapolis
aaa_alternative_geo_84,aaa_alternative_83,aaa_alternative,roadside assistance memberships similar to AAA Minneapolis
aaa_alternative_geo_81,aaa_alternative_80,aaa_alternative,emergency roadside service alternatives to AAA Minneapolis
amazon_prime_cancel_geo_87,amazon_prime_cancel_86,amazon_prime_cancel,how to cancel Amazon Prime
amazon_prime_cancel_geo_136,amazon_prime_cancel_97,amazon_prime_cancel,Amazon customer service phone number
amazon_prime_cancel_geo_88,amazon_prime_cancel_87,amazon_prime_cancel,how do I cancel Amazon Prime
amazon_prime_cancel_geo_137,amazon_prime_cancel_98,amazon_prime_cancel,Amazon customer service number
amazon_prime_cancel_geo_97,amazon_prime_cancel_96,amazon_prime_cancel,cancel Amazon Prime membership
amazon_prime_cancel_geo_138,amazon_prime_cancel_99,amazon_prime_cancel,phone number for Amazon customer service
amazon_prime_cancel_geo_89,amazon_prime_cancel_88,amazon_prime_cancel,how can I cancel my Amazon Prime subscription
amazon_prime_cancel_geo_139,amazon_prime_cancel_100,amazon_prime_cancel,contact Amazon by phone
amazon_prime_cancel_geo_90,amazon_prime_cancel_89,amazon_prime_cancel,steps to cancel Amazon Prime
amazon_prime_cancel_geo_140,amazon_prime_cancel_101,amazon_prime_cancel,Amazon support phone number
amazon_prime_cancel_geo_91,amazon_prime_cancel_90,amazon_prime_cancel,how to end my Amazon Prime membership
amazon_prime_cancel_geo_141,amazon_prime_cancel_102,amazon_prime_cancel,what is Amazon customer service phone number
amazon_prime_cancel_geo_92,amazon_prime_cancel_91,amazon_prime_cancel,cancel Prime membership on Amazon account
amazon_prime_cancel_geo_142,amazon_prime_cancel_103,amazon_prime_cancel,call Amazon customer service number
amazon_prime_cancel_geo_94,amazon_prime_cancel_93,amazon_prime_cancel,how do I stop my Amazon Prime subscription
amazon_prime_cancel_geo_143,amazon_prime_cancel_104,amazon_prime_cancel,Amazon help phone number
amazon_prime_cancel_geo_95,amazon_prime_cancel_94,amazon_prime_cancel,remove Amazon Prime subscription from account
amazon_prime_cancel_geo_144,amazon_prime_cancel_105,amazon_prime_cancel,phone number to reach Amazon customer support
amazon_prime_cancel_geo_96,amazon_prime_cancel_95,amazon_prime_cancel,how to turn off Amazon Prime auto renewal
amazon_prime_cancel_geo_145,amazon_prime_cancel_106,amazon_prime_cancel,Amazon customer service contact number
amazon_prime_cancel_geo_93,amazon_prime_cancel_92,amazon_prime_cancel,how do I cancel Prime on my account
amazon_prime_cancel_geo_146,amazon_prime_cancel_107,amazon_prime_cancel,Amazon customer service phone
antivirus_software_geo_98,antivirus_software_97,antivirus_software,best antivirus software 2026
antivirus_software_geo_99,antivirus_software_98,antivirus_software,top antivirus software 2026
antivirus_software_geo_100,antivirus_software_99,antivirus_software,best antivirus programs 2026
antivirus_software_geo_101,antivirus_software_100,antivirus_software,best antivirus software of 2026
antivirus_software_geo_108,antivirus_software_107,antivirus_software,best antivirus software 2026 reviews
antivirus_software_geo_102,antivirus_software_101,antivirus_software,which antivirus software is best 2026
antivirus_software_geo_103,antivirus_software_102,antivirus_software,2026 best antivirus software rankings
antivirus_software_geo_104,antivirus_software_103,antivirus_software,compare best antivirus software 2026
antivirus_software_geo_105,antivirus_software_104,antivirus_software,best antivirus protection software 2026
antivirus_software_geo_106,antivirus_software_105,antivirus_software,best antivirus suites 2026
antivirus_software_geo_107,antivirus_software_106,antivirus_software,leading antivirus software 2026
best_mexican_food_geo_147,best_mexican_food_10,best_mexican_food,best Mexican food near Austin
best_mexican_food_geo_1,best_mexican_food_0,best_mexican_food,best Mexican restaurants near Austin
best_mexican_food_geo_2,best_mexican_food_1,best_mexican_food,top Mexican food spots near Austin
best_mexican_food_geo_3,best_mexican_food_2,best_mexican_food,best places for Mexican food near Austin
best_mexican_food_geo_4,best_mexican_food_3,best_mexican_food,where to find the best Mexican food near Austin
best_mexican_food_geo_5,best_mexican_food_4,best_mexican_food,best authentic Mexican restaurants near Austin
best_mexican_food_geo_6,best_mexican_food_5,best_mexican_food,best Mexican food in and around Austin
best_mexican_food_geo_7,best_mexican_food_6,best_mexican_food,highest rated Mexican restaurants near Austin
best_mexican_food_geo_8,best_mexican_food_7,best_mexican_food,best spots for Mexican food in Austin area
best_mexican_food_geo_9,best_mexican_food_8,best_mexican_food,popular Mexican restaurants near Austin
best_mexican_food_geo_10,best_mexican_food_9,best_mexican_food,where are the best Mexican restaurants near Austin
best_brunch_geo_118,best_brunch_117,best_brunch,best brunch spots in Detroit
best_brunch_geo_119,best_brunch_118,best_brunch,best places for brunch in Detroit
best_brunch_geo_109,best_brunch_108,best_brunch,top brunch spots in Detroit
best_brunch_geo_110,best_brunch_109,best_brunch,best brunch restaurants in Detroit
best_brunch_geo_117,best_brunch_116,best_brunch,best spots for brunch in Detroit
best_brunch_geo_115,best_brunch_114,best_brunch,where to go for brunch in Detroit
best_brunch_geo_111,best_brunch_110,best_brunch,best brunch places in Detroit
best_brunch_geo_112,best_brunch_111,best_brunch,top-rated brunch places in Detroit
best_brunch_geo_113,best_brunch_112,best_brunch,popular brunch spots in Detroit
best_brunch_geo_116,best_brunch_115,best_brunch,brunch recommendations in Detroit
best_brunch_geo_114,best_brunch_113,best_brunch,where to find the best brunch in Detroit
comcast_xfinity_cancel_geo_29,comcast_xfinity_cancel_28,comcast_xfinity_cancel,how to cancel Comcast Xfinity
comcast_xfinity_cancel_geo_148,comcast_xfinity_cancel_32,comcast_xfinity_cancel,Xfinity customer service phone number
comcast_xfinity_cancel_geo_11,comcast_xfinity_cancel_10,comcast_xfinity_cancel,cancel Xfinity internet
comcast_xfinity_cancel_geo_23,comcast_xfinity_cancel_22,comcast_xfinity_cancel,how do I cancel my Comcast Xfinity service
comcast_xfinity_cancel_geo_149,comcast_xfinity_cancel_33,comcast_xfinity_cancel,Xfinity customer service number
comcast_xfinity_cancel_geo_12,comcast_xfinity_cancel_11,comcast_xfinity_cancel,how to cancel Xfinity internet service
comcast_xfinity_cancel_geo_30,comcast_xfinity_cancel_29,comcast_xfinity_cancel,steps to cancel Comcast Xfinity
comcast_xfinity_cancel_geo_150,comcast_xfinity_cancel_34,comcast_xfinity_cancel,Comcast Xfinity customer support phone
comcast_xfinity_cancel_geo_13,comcast_xfinity_cancel_12,comcast_xfinity_cancel,cancel Xfinity home internet
comcast_xfinity_cancel_geo_24,comcast_xfinity_cancel_23,comcast_xfinity_cancel,can I cancel Comcast Xfinity online
comcast_xfinity_cancel_geo_151,comcast_xfinity_cancel_35,comcast_xfinity_cancel,phone number for Xfinity customer service
comcast_xfinity_cancel_geo_25,comcast_xfinity_cancel_24,comcast_xfinity_cancel,how do I cancel Xfinity internet plan
comcast_xfinity_cancel_geo_14,comcast_xfinity_cancel_13,comcast_xfinity_cancel,how to end my Comcast Xfinity account
comcast_xfinity_cancel_geo_152,comcast_xfinity_cancel_36,comcast_xfinity_cancel,Xfinity support phone number
comcast_xfinity_cancel_geo_26,comcast_xfinity_cancel_25,comcast_xfinity_cancel,cancel my Xfinity internet
comcast_xfinity_cancel_geo_15,comcast_xfinity_cancel_14,comcast_xfinity_cancel,what's the process to cancel Comcast Xfinity
comcast_xfinity_cancel_geo_153,comcast_xfinity_cancel_37,comcast_xfinity_cancel,contact number for Xfinity customer service
comcast_xfinity_cancel_geo_16,comcast_xfinity_cancel_15,comcast_xfinity_cancel,stop Xfinity internet service
comcast_xfinity_cancel_geo_31,comcast_xfinity_cancel_30,comcast_xfinity_cancel,how to terminate Comcast Xfinity service
comcast_xfinity_cancel_geo_154,comcast_xfinity_cancel_38,comcast_xfinity_cancel,how to call Xfinity customer service
comcast_xfinity_cancel_geo_17,comcast_xfinity_cancel_16,comcast_xfinity_cancel,cancel Xfinity internet subscription
comcast_xfinity_cancel_geo_32,comcast_xfinity_cancel_31,comcast_xfinity_cancel,how do I cancel Comcast Xfinity contract
comcast_xfinity_cancel_geo_155,comcast_xfinity_cancel_39,comcast_xfinity_cancel,Xfinity customer care phone number
comcast_xfinity_cancel_geo_18,comcast_xfinity_cancel_17,comcast_xfinity_cancel,how to disconnect Xfinity internet
comcast_xfinity_cancel_geo_27,comcast_xfinity_cancel_26,comcast_xfinity_cancel,how to cancel Comcast Xfinity account online
comcast_xfinity_cancel_geo_156,comcast_xfinity_cancel_40,comcast_xfinity_cancel,Comcast Xfinity phone number for customer service
comcast_xfinity_cancel_geo_19,comcast_xfinity_cancel_18,comcast_xfinity_cancel,cancel Xfinity internet and equipment
comcast_xfinity_cancel_geo_20,comcast_xfinity_cancel_19,comcast_xfinity_cancel,how to cancel Comcast Xfinity without paying fee
comcast_xfinity_cancel_geo_157,comcast_xfinity_cancel_41,comcast_xfinity_cancel,Xfinity phone support number
comcast_xfinity_cancel_geo_21,comcast_xfinity_cancel_20,comcast_xfinity_cancel,how to cancel Xfinity internet online
comcast_xfinity_cancel_geo_22,comcast_xfinity_cancel_21,comcast_xfinity_cancel,how to cancel Comcast Xfinity over the phone
comcast_xfinity_cancel_geo_158,comcast_xfinity_cancel_42,comcast_xfinity_cancel,Xfinity customer service contact number
comcast_xfinity_cancel_geo_28,comcast_xfinity_cancel_27,comcast_xfinity_cancel,steps to cancel Xfinity internet service
crypto_invest_geo_33,crypto_invest_32,crypto_invest,what crypto should I buy
crypto_invest_geo_34,crypto_invest_33,crypto_invest,best cryptocurrency to invest in
crypto_invest_geo_35,crypto_invest_34,crypto_invest,which crypto should I buy
crypto_invest_geo_36,crypto_invest_35,crypto_invest,what is the best cryptocurrency to invest in
crypto_invest_geo_53,crypto_invest_52,crypto_invest,what digital coin should I buy
crypto_invest_geo_37,crypto_invest_36,crypto_invest,top cryptocurrencies to invest in now
crypto_invest_geo_50,crypto_invest_49,crypto_invest,which cryptocurrency should I buy today
crypto_invest_geo_38,crypto_invest_37,crypto_invest,best crypto investments right now
crypto_invest_geo_39,crypto_invest_38,crypto_invest,what crypto is worth buying
crypto_invest_geo_40,crypto_invest_39,crypto_invest,which cryptocurrency is best to invest in
crypto_invest_geo_41,crypto_invest_40,crypto_invest,which crypto coins should I buy
crypto_invest_geo_159,crypto_invest_53,crypto_invest,best crypto to invest in for beginners
crypto_invest_geo_51,crypto_invest_50,crypto_invest,should I buy cryptocurrency and which one
crypto_invest_geo_42,crypto_invest_41,crypto_invest,best long term cryptocurrency to invest in
crypto_invest_geo_43,crypto_invest_42,crypto_invest,help me decide which crypto to buy
crypto_invest_geo_44,crypto_invest_43,crypto_invest,best cryptocurrencies for investment
crypto_invest_geo_45,crypto_invest_44,crypto_invest,which crypto should I purchase
crypto_invest_geo_46,crypto_invest_45,crypto_invest,best crypto to put money into
crypto_invest_geo_47,crypto_invest_46,crypto_invest,what crypto is the best to buy
crypto_invest_geo_52,crypto_invest_51,crypto_invest,most promising cryptocurrency to invest in
crypto_invest_geo_48,crypto_invest_47,crypto_invest,which coin should I buy in the crypto market
crypto_invest_geo_49,crypto_invest_48,crypto_invest,which crypto is the best investment
dating_apps_divorced_men_over_50_geo_54,dating_apps_divorced_men_over_50_53,dating_apps_divorced_men_over_50,best dating apps for divorced men over 50
dating_apps_divorced_men_over_50_geo_55,dating_apps_divorced_men_over_50_54,dating_apps_divorced_men_over_50,dating apps for divorced men over 50
dating_apps_divorced_men_over_50_geo_56,dating_apps_divorced_men_over_50_55,dating_apps_divorced_men_over_50,best dating sites and apps for divorced men over 50
dating_apps_divorced_men_over_50_geo_57,dating_apps_divorced_men_over_50_56,dating_apps_divorced_men_over_50,top dating apps for divorced guys over 50
dating_apps_divorced_men_over_50_geo_58,dating_apps_divorced_men_over_50_57,dating_apps_divorced_men_over_50,dating apps for men over 50 who are divorced
dating_apps_divorced_men_over_50_geo_59,dating_apps_divorced_men_over_50_58,dating_apps_divorced_men_over_50,best apps for dating after divorce for men over 50
dating_apps_divorced_men_over_50_geo_60,dating_apps_divorced_men_over_50_59,dating_apps_divorced_men_over_50,best dating apps for 50+ divorced men
dating_apps_divorced_men_over_50_geo_61,dating_apps_divorced_men_over_50_60,dating_apps_divorced_men_over_50,which dating apps are best for divorced men over 50
dating_apps_divorced_men_over_50_geo_62,dating_apps_divorced_men_over_50_61,dating_apps_divorced_men_over_50,dating platforms for divorced men in their 50s
dating_apps_divorced_men_over_50_geo_63,dating_apps_divorced_men_over_50_62,dating_apps_divorced_men_over_50,apps for divorced men over 50 looking to date
dating_apps_divorced_men_over_50_geo_64,dating_apps_divorced_men_over_50_63,dating_apps_divorced_men_over_50,recommended dating apps for men over 50 after divorce
product_comparison_geo_65,product_comparison_64,product_comparison,Roomba i3 vs Dyson V15 which is better
product_comparison_geo_66,product_comparison_65,product_comparison,"Which is better, Roomba i3 or Dyson V15?"
product_comparison_geo_67,product_comparison_66,product_comparison,Is Roomba i3 better than Dyson V15?
product_comparison_geo_68,product_comparison_67,product_comparison,Should I pick Roomba i3 or Dyson V15?
product_comparison_geo_69,product_comparison_68,product_comparison,Compare Roomba i3 vs Dyson V15
product_comparison_geo_70,product_comparison_69,product_comparison,Roomba i3 vs Dyson V15 pros and cons
product_comparison_geo_71,product_comparison_70,product_comparison,Roomba i3 vs Dyson V15 which to choose?
product_comparison_geo_72,product_comparison_71,product_comparison,"Difference between Roomba i3 and Dyson V15, which is best?"
product_comparison_geo_73,product_comparison_72,product_comparison,Which performs better: Roomba i3 or Dyson V15?
product_comparison_geo_74,product_comparison_73,product_comparison,Buying advice: Roomba i3 vs Dyson V15
product_comparison_geo_75,product_comparison_74,product_comparison,"Which one is worth it, Roomba i3 or Dyson V15?"
supplements_building_muscle_geo_120,supplements_building_muscle_119,supplements_building_muscle,best supplements for building muscle
supplements_building_muscle_geo_121,supplements_building_muscle_120,supplements_building_muscle,best supplements to build muscle
supplements_building_muscle_geo_122,supplements_building_muscle_121,supplements_building_muscle,top supplements for muscle growth
supplements_building_muscle_geo_123,supplements_building_muscle_122,supplements_building_muscle,what are the best supplements for gaining muscle
supplements_building_muscle_geo_124,supplements_building_muscle_123,supplements_building_muscle,supplements that help build muscle
supplements_building_muscle_geo_125,supplements_building_muscle_124,supplements_building_muscle,best bodybuilding supplements for muscle gain
supplements_building_muscle_geo_126,supplements_building_muscle_125,supplements_building_muscle,most effective supplements for muscle growth
supplements_building_muscle_geo_160,supplements_building_muscle_129,supplements_building_muscle,which supplements are best for building muscle
supplements_building_muscle_geo_127,supplements_building_muscle_126,supplements_building_muscle,best supplements to gain muscle mass
supplements_building_muscle_geo_128,supplements_building_muscle_127,supplements_building_muscle,best over-the-counter supplements for muscle building
supplements_building_muscle_geo_129,supplements_building_muscle_128,supplements_building_muscle,natural supplements for building muscle
supplements_weight_loss_geo_161,supplements_weight_loss_135,supplements_weight_loss,best supplements for weight loss
supplements_weight_loss_geo_130,supplements_weight_loss_129,supplements_weight_loss,best fat burner supplement
supplements_weight_loss_geo_162,supplements_weight_loss_136,supplements_weight_loss,top supplements for weight loss
supplements_weight_loss_geo_134,supplements_weight_loss_133,supplements_weight_loss,best fat burner pill
supplements_weight_loss_geo_163,supplements_weight_loss_137,supplements_weight_loss,best supplements to lose weight
supplements_weight_loss_geo_164,supplements_weight_loss_138,supplements_weight_loss,most effective fat burner supplement
supplements_weight_loss_geo_165,supplements_weight_loss_139,supplements_weight_loss,most effective supplements for weight loss
supplements_weight_loss_geo_131,supplements_weight_loss_130,supplements_weight_loss,best over the counter fat burner supplement
supplements_weight_loss_geo_166,supplements_weight_loss_140,supplements_weight_loss,supplements that help weight loss
supplements_weight_loss_geo_167,supplements_weight_loss_141,supplements_weight_loss,best natural fat burner supplement
supplements_weight_loss_geo_168,supplements_weight_loss_142,supplements_weight_loss,what supplements are best for weight loss
supplements_weight_loss_geo_169,supplements_weight_loss_143,supplements_weight_loss,best fat burning supplement for beginners
supplements_weight_loss_geo_170,supplements_weight_loss_144,supplements_weight_loss,supplements to aid weight loss
supplements_weight_loss_geo_132,supplements_weight_loss_131,supplements_weight_loss,top fat burner supplements
supplements_weight_loss_geo_171,supplements_weight_loss_145,supplements_weight_loss,natural supplements to help lose weight
supplements_weight_loss_geo_172,supplements_weight_loss_146,supplements_weight_loss,effective fat burner supplement options
supplements_weight_loss_geo_173,supplements_weight_loss_147,supplements_weight_loss,supplements for losing weight fast
supplements_weight_loss_geo_133,supplements_weight_loss_132,supplements_weight_loss,best fat burner supplement for men
supplements_weight_loss_geo_174,supplements_weight_loss_148,supplements_weight_loss,which supplements work for weight loss
supplements_weight_loss_geo_175,supplements_weight_loss_149,supplements_weight_loss,best fat burner supplement to buy
supplements_weight_loss_geo_176,supplements_weight_loss_150,supplements_weight_loss,recommended supplements for weight loss
supplements_weight_loss_geo_135,supplements_weight_loss_134,supplements_weight_loss,best fat burner supplement reviews
