topic,query
AAA alternative Minneapolis,AAA alternative roadside assistance Minneapolis
AAA alternative Minneapolis,alternative to AAA roadside assistance Minneapolis
AAA alternative Minneapolis,roadside assistance alternatives to AAA in Minneapolis
AAA alternative Minneapolis,best roadside assistance services besides AAA Minneapolis
AAA alternative Minneapolis,AAA alternative for tow and roadside help Minneapolis
AAA alternative Minneapolis,cheap roadside assistance options other than AAA Minneapolis
AAA alternative Minneapolis,local tow and roadside assistance not AAA Minneapolis
AAA alternative Minneapolis,companies like AAA for roadside assistance in Minneapolis
AAA alternative Minneapolis,who offers roadside assistance besides AAA near Minneapolis
AAA alternative Minneapolis,roadside assistance memberships similar to AAA Minneapolis
AAA alternative Minneapolis,emergency roadside service alternatives to AAA Minneapolis
Amazon Prime cancel,how to cancel Amazon Prime
Amazon Prime cancel,Amazon customer service phone number
Amazon Prime cancel,how do I cancel Amazon Prime
Amazon Prime cancel,Amazon customer service number
Amazon Prime cancel,cancel Amazon Prime membership
Amazon Prime cancel,phone number for Amazon customer service
Amazon Prime cancel,how can I cancel my Amazon Prime subscription
Amazon Prime cancel,contact Amazon by phone
Amazon Prime cancel,steps to cancel Amazon Prime
Amazon Prime cancel,Amazon support phone number
Amazon Prime cancel,how to end my Amazon Prime membership
Amazon Prime cancel,what is Amazon customer service phone number
Amazon Prime cancel,cancel Prime membership on Amazon account
Amazon Prime cancel,call Amazon customer service number
Amazon Prime cancel,how do I stop my Amazon Prime subscription
Amazon Prime cancel,Amazon help phone number
Amazon Prime cancel,remove Amazon Prime subscription from account
Amazon Prime cancel,phone number to reach Amazon customer support
Amazon Prime cancel,how to turn off Amazon Prime auto renewal
Amazon Prime cancel,Amazon customer service contact number
Amazon Prime cancel,how do I cancel Prime on my account
Amazon Prime cancel,Amazon customer service phone
Antivirus software,best antivirus software 2026
Antivirus software,top antivirus software 2026
Antivirus software,best antivirus programs 2026
Antivirus software,best antivirus software of 2026
Antivirus software,best antivirus software 2026 reviews
Antivirus software,which antivirus software is best 2026
Antivirus software,2026 best antivirus software rankings
Antivirus software,compare best antivirus software 2026
Antivirus software,best antivirus protection software 2026
Antivirus software,best antivirus suites 2026
Antivirus software,leading antivirus software 2026
Best Mexican food Austin,best Mexican food near Austin
Best Mexican food Austin,best Mexican restaurants near Austin
Best Mexican food Austin,top Mexican food spots near Austin
Best Mexican food Austin,best places for Mexican food near Austin
Best Mexican food Austin,where to find the best Mexican food near Austin
Best Mexican food Austin,best authentic Mexican restaurants near Austin
Best Mexican food Austin,best Mexican food in and around Austin
Best Mexican food Austin,highest rated Mexican restaurants near Austin
Best Mexican food Austin,best spots for Mexican food in Austin area
Best Mexican food Austin,popular Mexican restaurants near Austin
Best Mexican food Austin,where are the best Mexican restaurants near Austin
Best brunch Detroit,best brunch spots in Detroit
Best brunch Detroit,best places for brunch in Detroit
Best brunch Detroit,top brunch spots in Detroit
Best brunch Detroit,best brunch restaurants in Detroit
Best brunch Detroit,best spots for brunch in Detroit
Best brunch Detroit,where to go for brunch in Detroit
Best brunch Detroit,best brunch places in Detroit
Best brunch Detroit,top-rated brunch places in Detroit
Best brunch Detroit,popular brunch spots in Detroit
Best brunch Detroit,brunch recommendations in Detroit
Best brunch Detroit,where to find the best brunch in Detroit
Comcast Xfinity cancel,how to cancel Comcast Xfinity
Comcast Xfinity cancel,Xfinity customer service phone number
Comcast Xfinity cancel,cancel Xfinity internet
Comcast Xfinity cancel,how do I cancel my Comcast Xfinity service
Comcast Xfinity cancel,Xfinity customer service number
Comcast Xfinity cancel,how to cancel Xfinity internet service
Comcast Xfinity cancel,steps to cancel Comcast Xfinity
Comcast Xfinity cancel,Comcast Xfinity customer support phone
Comcast Xfinity cancel,cancel Xfinity home internet
Comcast Xfinity cancel,can I cancel Comcast Xfinity online
Comcast Xfinity cancel,phone number for Xfinity customer service
Comcast Xfinity cancel,how do I cancel Xfinity internet plan
Comcast Xfinity cancel,how to end my Comcast Xfinity account
Comcast Xfinity cancel,Xfinity support phone number
Comcast Xfinity cancel,cancel my Xfinity internet
Comcast Xfinity cancel,what's the process to cancel Comcast Xfinity
Comcast Xfinity cancel,contact number for Xfinity customer service
Comcast Xfinity cancel,stop Xfinity internet service
Comcast Xfinity cancel,how to terminate Comcast Xfinity service
Comcast Xfinity cancel,how to call Xfinity customer service
Comcast Xfinity cancel,cancel Xfinity internet subscription
Comcast Xfinity cancel,how do I cancel Comcast Xfinity contract
Comcast Xfinity cancel,Xfinity customer care phone number
Comcast Xfinity cancel,how to disconnect Xfinity internet
Comcast Xfinity cancel,how to cancel Comcast Xfinity account online
Comcast Xfinity cancel,Comcast Xfinity phone number for customer service
Comcast Xfinity cancel,cancel Xfinity internet and equipment
Comcast Xfinity cancel,how to cancel Comcast Xfinity without paying fee
Comcast Xfinity cancel,Xfinity phone support number
Comcast Xfinity cancel,how to cancel Xfinity internet online
Comcast Xfinity cancel,how to cancel Comcast Xfinity over the phone
Comcast Xfinity cancel,Xfinity customer service contact number
Comcast Xfinity cancel,steps to cancel Xfinity internet service
Crypto invest,what crypto should I buy
Crypto invest,best cryptocurrency to invest in
Crypto invest,which crypto should I buy
Crypto invest,what is the best cryptocurrency to invest in
Crypto invest,what digital coin should I buy
Crypto invest,top cryptocurrencies to invest in now
Crypto invest,which cryptocurrency should I buy today
Crypto invest,best crypto investments right now
Crypto invest,what crypto is worth buying
Crypto invest,which cryptocurrency is best to invest in
Crypto invest,which crypto coins should I buy
Crypto invest,best crypto to invest in for beginners
Crypto invest,should I buy cryptocurrency and which one
Crypto invest,best long term cryptocurrency to invest in
Crypto invest,help me decide which crypto to buy
Crypto invest,best cryptocurrencies for investment
Crypto invest,which crypto should I purchase
Crypto invest,best crypto to put money into
Crypto invest,what crypto is the best to buy
Crypto invest,most promising cryptocurrency to invest in
Crypto invest,which coin should I buy in the crypto market
Crypto invest,which crypto is the best investment
Dating apps divorced men over 50,best dating apps for divorced men over 50
Dating apps divorced men over 50,dating apps for divorced men over 50
Dating apps divorced men over 50,best dating sites and apps for divorced men over 50
Dating apps divorced men over 50,top dating apps for divorced guys over 50
Dating apps divorced men over 50,dating apps for men over 50 who are divorced
Dating apps divorced men over 50,best apps for dating after divorce for men over 50
Dating apps divorced men over 50,best dating apps for 50+ divorced men
Dating apps divorced men over 50,which dating apps are best for divorced men over 50
Dating apps divorced men over 50,dating platforms for divorced men in their 50s
Dating apps divorced men over 50,apps for divorced men over 50 looking to date
Dating apps divorced men over 50,recommended dating apps for men over 50 after divorce
Product comparison Roomba i3 · Dyson V15,Roomba i3 vs Dyson V15 which is better
Product comparison Roomba i3 · Dyson V15,"Which is better, Roomba i3 or Dyson V15?"
Product comparison Roomba i3 · Dyson V15,Is Roomba i3 better than Dyson V15?
Product comparison Roomba i3 · Dyson V15,Should I pick Roomba i3 or Dyson V15?
Product comparison Roomba i3 · Dyson V15,Compare Roomba i3 vs Dyson V15
Product comparison Roomba i3 · Dyson V15,Roomba i3 vs Dyson V15 pros and cons
Product comparison Roomba i3 · Dyson V15,Roomba i3 vs Dyson V15 which to choose?
Product comparison Roomba i3 · Dyson V15,"Difference between Roomba i3 and Dyson V15, which is best?"
Product comparison Roomba i3 · Dyson V15,Which performs better: Roomba i3 or Dyson V15?
Product comparison Roomba i3 · Dyson V15,Buying advice: Roomba i3 vs Dyson V15
Product comparison Roomba i3 · Dyson V15,"Which one is worth it, Roomba i3 or Dyson V15?"
Supplements building muscle,best supplements for building muscle
Supplements building muscle,best supplements to build muscle
Supplements building muscle,top supplements for muscle growth
Supplements building muscle,what are the best supplements for gaining muscle
Supplements building muscle,supplements that help build muscle
Supplements building muscle,best bodybuilding supplements for muscle gain
Supplements building muscle,most effective supplements for muscle growth
Supplements building muscle,which supplements are best for building muscle
Supplements building muscle,best supplements to gain muscle mass
Supplements building muscle,best over-the-counter supplements for muscle building
Supplements building muscle,natural supplements for building muscle
Supplements weight loss,best supplements for weight loss
Supplements weight loss,best fat burner supplement
Supplements weight loss,top supplements for weight loss
Supplements weight loss,best fat burner pill
Supplements weight loss,best supplements to lose weight
Supplements weight loss,most effective fat burner supplement
Supplements weight loss,most effective supplements for weight loss
Supplements weight loss,best over the counter fat burner supplement
Supplements weight loss,supplements that help weight loss
Supplements weight loss,best natural fat burner supplement
Supplements weight loss,what supplements are best for weight loss
Supplements weight loss,best fat burning supplement for beginners
Supplements weight loss,supplements to aid weight loss
Supplements weight loss,top fat burner supplements
Supplements weight loss,natural supplements to help lose weight
Supplements weight loss,effective fat burner supplement options
Supplements weight loss,supplements for losing weight fast
Supplements weight loss,best fat burner supplement for men
Supplements weight loss,which supplements work for weight loss
Supplements weight loss,best fat burner supplement to buy
Supplements weight loss,recommended supplements for weight loss
Supplements weight loss,best fat burner supplement reviews
